Latitude,Longitude,Name
470205.0,4110645.0,01IN77
473355.0,4113075.0,6FM5ZI
494505.0,4109865.0,22OENK
519765.0,4106205.0,GBTF3Y
491655.0,4157565.0,4QBQS3
493905.0,4105995.0,H3AVLQ
529095.0,4102785.0,U8M1QI
422625.0,4106175.0,B4L4MN
498765.0,4102305.0,ZEO28L
397665.0,4176465.0,1H1QBU
519255.0,4099365.0,J0CW5P
516705.0,4151295.0,2YCGB8
462555.0,4152645.0,ONX60T
379095.0,4207305.0,4HPWGF
483975.0,4167435.0,92TBCI
457665.0,4105095.0,2Y6TQJ
533295.0,4159005.0,OZOY7J
485175.0,4165275.0,B1FX0A
487185.0,4190505.0,XZACYK
499845.0,4129905.0,37GA6M
498945.0,4134705.0,ORB3MX
446535.0,4115145.0,4N3MOV
503655.0,4188165.0,N9AN08
431895.0,4106835.0,017V5F
507465.0,4168305.0,G9QW53
417345.0,4163295.0,C5DCWK
519525.0,4153275.0,IO90O5
520095.0,4101555.0,5GUD9E
512655.0,4110585.0,7VPGZO
412125.0,4191255.0,BJUF9B
373635.0,4134915.0,DU62IT
500145.0,4188495.0,IQ5U02
473595.0,4112535.0,UM8F05
474225.0,4162005.0,G12B0J
511425.0,4141245.0,SOLHKL
481215.0,4116015.0,65192C
524325.0,4107765.0,PM0E7J
423105.0,4185735.0,2ZJ5X3
493725.0,4167585.0,8S3S1G
479115.0,4183635.0,KVBHIN
457965.0,4176225.0,MGGUJ2
524055.0,4099665.0,82B7XN
513345.0,4107975.0,MU55BD
471015.0,4178715.0,GXLMD2
496155.0,4175865.0,LMJCUO
475875.0,4108545.0,7WUX9D
532995.0,4103595.0,34AMHD
404115.0,4204875.0,32O5A2
517455.0,4103235.0,SPX1G2
495765.0,4135815.0,QVKWSO
429045.0,4176435.0,LYV9A3
480105.0,4159965.0,C5FS67
471375.0,4106685.0,7XYZGX
493185.0,4163805.0,OXUFSB
535965.0,4110405.0,84E1UE
386385.0,4207125.0,24WWXI
401055.0,4113915.0,B34TNZ
382995.0,4170435.0,63FCZG
428475.0,4180425.0,5JPZ3I
489765.0,4153965.0,UQHK37
526635.0,4107195.0,OJNU4D
461895.0,4120155.0,S9RDPM
508635.0,4116735.0,MVADHG
448305.0,4103745.0,AQHZLC
386745.0,4194255.0,4YD2NS
531225.0,4099485.0,E3ZGIW
493575.0,4142295.0,PRKP3P
421485.0,4160535.0,HW8LSN
496845.0,4101975.0,KKL57I
518085.0,4153125.0,F24LY0
391365.0,4202985.0,HA4ZB5
477105.0,4104015.0,2UYI28
481395.0,4122945.0,4A6ZLX
465375.0,4182255.0,7ZVUTL
505695.0,4135095.0,OIZ8R5
425685.0,4205865.0,55Z9RO
517935.0,4099275.0,HV1HZT
502275.0,4186065.0,G4R9CY
476475.0,4149195.0,JWKBID
454785.0,4167765.0,CI6I93
530715.0,4146225.0,WTCP6B
428775.0,4107795.0,B7DDDS
472275.0,4168785.0,JQI3Z0
471465.0,4180215.0,9T0A6U
450525.0,4099965.0,4O76UV
484725.0,4121715.0,74JSD9
477675.0,4137585.0,75T28K
497385.0,4128465.0,BKOIGR
467295.0,4166775.0,RU53F1
464355.0,4177605.0,N65MAZ
472395.0,4156395.0,6WS9C2
512025.0,4152645.0,JDV6Q8
512685.0,4145745.0,I66JGO
469095.0,4145715.0,XFQF8G
406395.0,4206675.0,TMFLM1
501585.0,4175955.0,HLOWU9
458805.0,4202205.0,VOZE3O
481305.0,4158585.0,SC8XXE
485625.0,4157565.0,L4EEOU
421755.0,4153185.0,OVIU5U
414165.0,4168695.0,DFRMM7
536475.0,4119375.0,PKN65Q
471765.0,4148835.0,P4F8WN
471135.0,4161885.0,G38ZAG
374085.0,4170465.0,0OAQIH
486885.0,4196235.0,AOA24W
489045.0,4132875.0,CGAICY
444855.0,4122735.0,WPPL1K
471165.0,4101615.0,Z7FGN7
484965.0,4165905.0,IHZCBD
418245.0,4156275.0,PWN7IU
514995.0,4153545.0,AW6FQB
507675.0,4142685.0,Y01BQ5
414105.0,4155075.0,LNPWBA
393075.0,4197045.0,SP3UP8
492705.0,4162845.0,0ZBP4G
508545.0,4161855.0,43MVH7
499815.0,4140555.0,JB2HT6
490395.0,4140825.0,09GXPA
491895.0,4169895.0,KQYE4E
479355.0,4106265.0,HUSLDL
533355.0,4174725.0,6NG4GU
517815.0,4101435.0,WWV7RR
516945.0,4104375.0,ZLBDJK
381945.0,4204575.0,IU0YXI
524055.0,4152585.0,EQN4T2
526095.0,4177815.0,TMCATG
497355.0,4109475.0,J4WZ0P
489675.0,4137705.0,1VS76B
519345.0,4181985.0,3198RR
453075.0,4178805.0,LTZIEF
387195.0,4207905.0,XGD9N0
518865.0,4188615.0,Y8EO9W
421875.0,4187025.0,X5S3A0
409785.0,4201515.0,U379CY
499665.0,4109745.0,JBIJZL
510585.0,4136985.0,GB0QNY
435345.0,4154115.0,X8R628
530865.0,4104945.0,X683YM
458715.0,4202355.0,6XJJQG
514335.0,4103655.0,UT7MLF
534945.0,4109055.0,COO52N
494325.0,4141815.0,WSEQ4E
540585.0,4126395.0,LV5NVB
422055.0,4157205.0,I4RRG2
491925.0,4101015.0,EWK6QX
500115.0,4178505.0,CYN1BP
474195.0,4102215.0,WL3I51
477705.0,4141695.0,ZK3OM5
406035.0,4135845.0,36A734
436245.0,4099725.0,LJP2QG
518625.0,4101225.0,7DVSDM
503115.0,4129935.0,C7FUU0
498975.0,4130025.0,8X0DRX
532095.0,4149375.0,CH7XKX
511695.0,4159545.0,JWCSNE
452325.0,4104555.0,G6HRRB
530385.0,4102395.0,2DGK2N
419145.0,4121115.0,6AY3QH
460965.0,4185555.0,39CJK6
502995.0,4132125.0,7N0Q7J
469035.0,4167045.0,IXEKVO
476475.0,4106805.0,CK541G
400995.0,4129365.0,MLAX08
382845.0,4204425.0,KNDOCQ
466965.0,4110375.0,A119XF
490455.0,4189005.0,B5XUE8
518205.0,4188135.0,IGCPRF
521325.0,4189065.0,FAL9U4
499215.0,4136355.0,BUNEK5
523275.0,4132695.0,XCDPRQ
397245.0,4171665.0,XIO9XF
518205.0,4117035.0,DKPGFP
477375.0,4112835.0,3680XY
489015.0,4161405.0,J7TH8G
537225.0,4100715.0,XBYG0A
509235.0,4155495.0,C2ZLVJ
513795.0,4165545.0,MIB783
399015.0,4187355.0,UY7H7X
503355.0,4181145.0,VDAG88
501555.0,4187805.0,LKLC72
488805.0,4159425.0,BPOOPV
498435.0,4138245.0,M3RP3D
500085.0,4188255.0,9DBRAX
500265.0,4168695.0,W4K68N
390105.0,4126875.0,E0IOKB
519885.0,4112955.0,Y8FJRS
459915.0,4180275.0,BFZDD0
489975.0,4193805.0,SGWLMM
478095.0,4159125.0,UUJ21U
511035.0,4144845.0,4KIHT2
475485.0,4169325.0,QE24KY
506475.0,4165905.0,E6QYWR
523935.0,4106595.0,GYVJN8
524415.0,4110435.0,6GRB52
427365.0,4170915.0,EIOQ8C
414345.0,4142565.0,YCNPMD
439785.0,4136775.0,6C9TQK
478545.0,4136775.0,J81D6X
487185.0,4176285.0,19Q5OQ
502215.0,4137765.0,HSELK9
382665.0,4154715.0,KFUDLQ
454275.0,4197855.0,PGF17L
455895.0,4145205.0,YN9UQV
450495.0,4100055.0,MVC33L
433365.0,4180035.0,ZDQ1RQ
519015.0,4101405.0,UAUJTA
496545.0,4179885.0,SM89OL
424275.0,4108875.0,WYYK6R
500895.0,4181355.0,RL8P3O
475215.0,4110285.0,QG0F2T
513405.0,4188465.0,5HABEU
518295.0,4188795.0,SCJMVX
490905.0,4139985.0,BQJNMI
468375.0,4187655.0,6UY0B3
405945.0,4113495.0,MIONFM
492135.0,4183785.0,5L23CH
413655.0,4204785.0,FLRGFE
425145.0,4184745.0,QNKII9
471555.0,4103265.0,BV898L
481635.0,4114125.0,6H0Y1D
380355.0,4168215.0,Y6YFX3
485805.0,4159815.0,NWU00Q
419805.0,4158525.0,DYB8C0
526725.0,4106925.0,AFQDRD
529635.0,4105305.0,624CKX
392445.0,4187175.0,B7EUS8
470505.0,4105545.0,Y4BU50
501255.0,4134735.0,V8EMJR
400815.0,4188945.0,20XDI1
519555.0,4110735.0,I3KKMR
477945.0,4161675.0,FMNSWS
526785.0,4131645.0,W6Z3YT
513435.0,4167825.0,81G4V7
520815.0,4100535.0,O1W950
488475.0,4187235.0,5V9YYC
527625.0,4108935.0,QZXZY7
475125.0,4147305.0,HZW3IE
487905.0,4156065.0,H9HVR7
482895.0,4163535.0,JP0CTJ
512775.0,4105755.0,JT4QEM
450915.0,4198185.0,3368Y6
488085.0,4126935.0,06EQZ5
462435.0,4119465.0,C74RDD
526365.0,4146075.0,2SX3MM
477075.0,4116045.0,42XTTB
449835.0,4111515.0,J2NP3M
484815.0,4187895.0,CCFMXJ
507765.0,4099425.0,K78S4V
514095.0,4141665.0,DEYWGS
495795.0,4166415.0,GYXUWM
490335.0,4134105.0,EKNJH7
486645.0,4168335.0,Q81AV5
397695.0,4191855.0,TZLPKC
517455.0,4114155.0,1O5HCX
514155.0,4154775.0,8GGDZM
518415.0,4109625.0,NFJ0ST
486825.0,4161915.0,SK7491
385845.0,4200795.0,7HNJ3O
503115.0,4139775.0,R8533K
477495.0,4127955.0,7RX2RY
455115.0,4201395.0,AECK81
502155.0,4100085.0,H3IDLD
528435.0,4115205.0,1I4NRT
502395.0,4186515.0,YJBUUO
504975.0,4141515.0,O0G7UU
529815.0,4161975.0,7ZISLQ
515565.0,4143075.0,DERS2I
532905.0,4105035.0,UHJ9LE
474135.0,4105995.0,JBBPEG
519855.0,4105725.0,GXPRBD
512625.0,4113105.0,XORQYN
514155.0,4168845.0,RD4U7R
498915.0,4132725.0,3KGIYK
509175.0,4117065.0,IK8XB8
494895.0,4153575.0,PEBJZX
480195.0,4111665.0,ED46IA
455985.0,4194195.0,8JO30Q
531615.0,4195905.0,KMPN13
512505.0,4109205.0,860RB8
500235.0,4124595.0,Y4BJA4
530115.0,4105335.0,0MC0HT
467505.0,4107105.0,KWU8RO
499185.0,4181235.0,18RU6F
495645.0,4135875.0,SRQGNI
532095.0,4102155.0,DGTDOW
491115.0,4176435.0,57BZ14
497475.0,4102275.0,5L9LAI
443055.0,4198755.0,K91ORG
539865.0,4105545.0,C3AIJX
497655.0,4101585.0,32P1BE
500025.0,4141245.0,5006TZ
532965.0,4117815.0,EKL2K6
408375.0,4161765.0,T5HJHF
521325.0,4108065.0,JW339D
508815.0,4179735.0,6WZ08K
460635.0,4184895.0,EOUCI9
527355.0,4164705.0,QIX3ZZ
388755.0,4202955.0,MX87KP
491445.0,4108155.0,L04SS8
533865.0,4155165.0,QH97W1
479145.0,4124715.0,RA5QRG
514575.0,4188615.0,VDM6SL
440505.0,4157865.0,YLF5SJ
526065.0,4172925.0,0YD3YA
448365.0,4109385.0,J41HGP
395955.0,4190925.0,Z5LCVU
429375.0,4160535.0,KZV53S
483255.0,4166355.0,O8W9QO
406125.0,4109655.0,XG9DQN
380565.0,4157505.0,E3IBE4
509535.0,4145865.0,1T7EE9
422385.0,4155375.0,J8VF7Q
438525.0,4172145.0,SYFEDJ
539775.0,4113735.0,R4LVSV
516165.0,4117545.0,EJ07II
430095.0,4142325.0,8HLNNY
428745.0,4157445.0,UYZ1GW
516795.0,4184625.0,ZTU0IM
498735.0,4131135.0,W8376L
463155.0,4120065.0,0JS5RM
386145.0,4153755.0,LE5RBN
463935.0,4152765.0,56IECN
401865.0,4182795.0,TEJ31O
472095.0,4148115.0,V5XP9K
489675.0,4152495.0,7JSIKC
526455.0,4106115.0,N9L7CH
425115.0,4186035.0,KQU62Q
400635.0,4175715.0,BTLTE1
482115.0,4124775.0,B4H6TV
526905.0,4147125.0,EHONB0
493335.0,4165305.0,JJXK0I
408915.0,4205025.0,OXHE36
496635.0,4104075.0,C0S4ER
513465.0,4110555.0,T21BGP
522165.0,4112565.0,36TOO0
476655.0,4123155.0,WQQW02
373965.0,4131255.0,SCP6IF
489615.0,4156425.0,BZ5ZVY
483525.0,4128435.0,96ZV9Z
385875.0,4203885.0,057L2U
532815.0,4137405.0,WYL7K4
500265.0,4148685.0,20F40E
479895.0,4167885.0,R4SSZ4
509685.0,4101735.0,PNP2WG
431415.0,4103415.0,XL695I
498825.0,4141845.0,XKGI6S
491925.0,4150155.0,9S1D0X
522855.0,4117515.0,YVIBHS
420255.0,4108275.0,1H7S69
511755.0,4168335.0,DPIH8Q
513675.0,4146405.0,6M2Y89
464205.0,4183965.0,3AHMVY
515805.0,4160145.0,17FZDI
407235.0,4109115.0,OY0RXK
495345.0,4125765.0,GRSHWE
475275.0,4105455.0,DTHTBW
497625.0,4173315.0,QVCE81
408615.0,4154925.0,5GAY2J
389085.0,4194075.0,ARG92F
523335.0,4105725.0,P46257
509145.0,4135875.0,3LJW1G
460395.0,4115895.0,LM4Y40
452175.0,4103295.0,73925U
455055.0,4138725.0,HFSFDG
498915.0,4159395.0,2OCZ98
392925.0,4190505.0,NW1UMD
450285.0,4162425.0,CM1XMB
509415.0,4112295.0,WZIDVJ
486135.0,4167645.0,20MT69
504105.0,4153905.0,TNM4N6
512385.0,4147275.0,JM6SD3
519045.0,4151175.0,XQTO78
473205.0,4184055.0,KGRFEM
470835.0,4180365.0,4AZBSD
508575.0,4186155.0,AYLIFU
535035.0,4119705.0,3714C3
479775.0,4107555.0,J8WD0H
471105.0,4165035.0,FFMAR4
530115.0,4145745.0,IF554W
474885.0,4115895.0,80QXT7
428595.0,4108815.0,IYYO6B
504195.0,4147155.0,4BY9E7
388455.0,4190055.0,KDDD2H
518385.0,4156305.0,FG63TF
487845.0,4157985.0,3L7DN4
526845.0,4107075.0,X9FAUQ
454455.0,4162455.0,R10CVH
540375.0,4116735.0,3DP5UM
513855.0,4189095.0,IPIG01
472575.0,4108425.0,ML90GM
420705.0,4159065.0,WJKDS3
527835.0,4147875.0,DZ3MER
530385.0,4101615.0,KAL8MR
511875.0,4105365.0,5MOJC9
510855.0,4196415.0,GTQUNL
494655.0,4131675.0,UF6UJV
497205.0,4150065.0,S0FLYE
536205.0,4115145.0,MJBNIA
487395.0,4145385.0,BLE7IU
455805.0,4123545.0,PXOMY5
500205.0,4132665.0,V2R7VA
447615.0,4191945.0,LUQN7N
478155.0,4111935.0,8UABAT
488205.0,4115505.0,JP8RCH
405015.0,4137345.0,HY33X9
486465.0,4160235.0,QZJ7VV
513315.0,4162155.0,Y5V5XB
528525.0,4166145.0,VLH1KP
481485.0,4169265.0,9TXY72
489615.0,4194975.0,6I6BMM
520755.0,4109835.0,IHHHVS
506385.0,4147275.0,SJWNUC
527625.0,4163115.0,Y4RAT5
496965.0,4140255.0,L1MZH1
445305.0,4140615.0,2MNMU3
466125.0,4148595.0,4WJNIA
507075.0,4112865.0,CYVN97
412245.0,4168665.0,7VN0G9
438465.0,4178955.0,2GT7EN
493185.0,4183155.0,6DRI15
540315.0,4115715.0,IEI05Y
533205.0,4169265.0,7W0O8V
426405.0,4187535.0,HQN54V
492375.0,4142355.0,GXQ707
518715.0,4153155.0,07FPIP
512325.0,4168125.0,6D2ZIP
499425.0,4185855.0,FVG305
482775.0,4166115.0,RGY1F9
410415.0,4178565.0,KOO69S
456285.0,4107825.0,0LMRQQ
498435.0,4132065.0,J1WNRE
523395.0,4101405.0,DLZRJC
522795.0,4178745.0,WNK41X
492675.0,4177605.0,F992ZA
499755.0,4182045.0,7I8R2C
453165.0,4164765.0,GM70WH
531525.0,4102845.0,66PXOV
479355.0,4108875.0,6SGFRD
431355.0,4105845.0,S5KIQZ
439995.0,4182855.0,WDKM08
513255.0,4166235.0,ZEZNPL
476475.0,4157835.0,PL8H91
415995.0,4177365.0,9876SZ
466905.0,4183755.0,OMI34G
476595.0,4118325.0,I0MPGY
458055.0,4175655.0,L8H0A4
515745.0,4147605.0,AWCKXT
503835.0,4185945.0,G2P8RC
389415.0,4203285.0,R0XPJ5
414555.0,4173465.0,YSW45F
450525.0,4166805.0,HLYAK8
502275.0,4134855.0,ZQY2TS
477015.0,4139955.0,I7MHE3
424935.0,4180065.0,4S4F0F
500415.0,4099455.0,ZDTBX2
502725.0,4148835.0,H8HCZ2
475395.0,4102365.0,ODI5DB
508365.0,4112685.0,5LNFSG
455685.0,4162485.0,AE4KTJ
501345.0,4160265.0,MVLVGJ
539985.0,4105095.0,S3Z4BH
529245.0,4099695.0,HU7E0U
506145.0,4168005.0,D49CR5
474345.0,4162365.0,DQCH3K
488505.0,4188705.0,C8249N
385125.0,4200735.0,QSD5F1
511545.0,4139715.0,JVNA99
479955.0,4128075.0,N4JP1G
480525.0,4121205.0,APC3QT
432915.0,4126905.0,QVYUR4
483015.0,4126485.0,Y5EFAK
510945.0,4137195.0,GDXMOE
446505.0,4162575.0,ZGFN25
455115.0,4194225.0,9AVSDK
479505.0,4108725.0,ULA071
509205.0,4117995.0,1OUO5N
417315.0,4158705.0,D8WOTI
412485.0,4134345.0,QET43B
391185.0,4191585.0,T6UMNP
478425.0,4167945.0,6RWDDK
533055.0,4143405.0,33MM4V
475995.0,4156185.0,S3GFRI
480015.0,4100025.0,DDQ2DZ
469245.0,4102515.0,X34I8A
530835.0,4177935.0,HOZYMU
527355.0,4107795.0,C46NUQ
480705.0,4184115.0,FQ3JA7
487275.0,4164825.0,V91MQF
515355.0,4102005.0,4CHPX7
466995.0,4170915.0,36XE2C
452745.0,4159125.0,Z0N6OD
530895.0,4100325.0,15LCWE
537465.0,4202565.0,6Z16JQ
413115.0,4167765.0,IWQVAK
520965.0,4148655.0,QX62LX
504195.0,4137345.0,HZO1MX
526365.0,4104465.0,LH5C9C
399195.0,4165995.0,FQAGFE
413955.0,4165995.0,6G8BDL
485775.0,4159365.0,RO1G1M
537015.0,4126545.0,S16DWE
495585.0,4112715.0,UXXH7J
528945.0,4162455.0,P16AQC
469395.0,4182015.0,U2JQ7C
505545.0,4151295.0,0NOSKT
452385.0,4194675.0,ZPI181
513585.0,4104585.0,T6EB7X
479535.0,4167195.0,1QFRNU
496695.0,4174665.0,OYMLYW
492675.0,4132335.0,1S17JW
494205.0,4124565.0,QA8696
474315.0,4184595.0,WS1CKU
478965.0,4100205.0,EV6LIE
463845.0,4113795.0,U7QJM7
511695.0,4138035.0,WM25PE
486165.0,4158705.0,1XWZUT
503175.0,4181385.0,3LBEJL
525975.0,4105545.0,LK4KSX
514155.0,4188075.0,V4CNPC
487155.0,4111785.0,9WDX81
429495.0,4105965.0,LTUFCW
439215.0,4116045.0,TEOX3K
520515.0,4103235.0,DE1I8O
520065.0,4102875.0,V9ATQY
527505.0,4164555.0,0H7AV5
522945.0,4116435.0,8B9HD8
518235.0,4110825.0,WAJD09
489165.0,4167675.0,PZ6FZY
501645.0,4181685.0,BP8Z4Z
495735.0,4167345.0,1ZEX7L
538425.0,4108875.0,S32ZRS
384225.0,4167315.0,1JJ60L
492585.0,4181775.0,NM6A0M
522105.0,4166385.0,FUL9NQ
420915.0,4144605.0,C9TP3W
494055.0,4126605.0,73TQMX
387765.0,4201485.0,QCJT8Y
512355.0,4106805.0,GNIAXI
457935.0,4202715.0,ECFPWT
477105.0,4154475.0,AEYLQM
459825.0,4142835.0,0E8D1Z
490545.0,4108815.0,QN343Q
522135.0,4150665.0,RZA8SQ
506955.0,4111335.0,IGKMFH
504585.0,4128735.0,U88TCM
488655.0,4125975.0,SDSAUP
449715.0,4170435.0,1EPT5J
522615.0,4105845.0,YI93I5
424935.0,4163835.0,I6DS00
511395.0,4109685.0,6PBG9C
454425.0,4192965.0,ZX60G9
516675.0,4152975.0,OAWAA7
536895.0,4198605.0,YMD5MX
430335.0,4155585.0,T4P8D2
500565.0,4137825.0,51RTCW
524295.0,4103025.0,8AWBEF
428325.0,4175925.0,YQT7EU
425745.0,4162875.0,RJKQQ1
512565.0,4167615.0,K0MCJ4
399315.0,4130295.0,RMJDJ9
514995.0,4101975.0,EJWCKJ
492645.0,4137945.0,SJLKTG
527925.0,4109385.0,ZPZ6N7
510885.0,4140735.0,L7TJW8
493245.0,4140135.0,9GPP4B
493845.0,4109775.0,EUXFHM
537105.0,4120425.0,WHA9VU
481005.0,4106565.0,UZZ6IQ
509385.0,4143555.0,NP9KI1
520245.0,4150125.0,E6MSNS
503325.0,4120365.0,ETRZE2
480765.0,4167435.0,7VFL3L
495915.0,4139595.0,R3J2GH
488055.0,4126965.0,W9VW39
486675.0,4159245.0,BE6Q2E
437535.0,4099515.0,MIYSSW
513405.0,4190025.0,9E5849
488505.0,4134015.0,33VQRI
516465.0,4186905.0,3GYUNX
421395.0,4153215.0,KFYDVW
496065.0,4180275.0,X0MC31
489675.0,4121595.0,GWVIO3
474225.0,4119375.0,JXXNHD
493035.0,4175445.0,BUCXKV
496935.0,4173645.0,ETA725
497385.0,4176285.0,Z7X8KI
507105.0,4131195.0,Q1WM05
498975.0,4102275.0,5QC2DC
447315.0,4109865.0,6GP7BK
487695.0,4185675.0,4JG4GK
493605.0,4121535.0,MEQF6U
484275.0,4165665.0,VBN07R
458055.0,4182435.0,0CCXW0
514755.0,4102815.0,2LTZHO
481935.0,4154865.0,4V8RC1
405825.0,4200555.0,GDDS1O
495675.0,4140435.0,568V2P
459855.0,4185675.0,XIYTH7
512235.0,4114635.0,NMDWBG
520395.0,4186545.0,CYLCRL
473325.0,4111545.0,OCINFG
523605.0,4100625.0,GUTMAA
427725.0,4190775.0,FO1WZI
501255.0,4175685.0,K7JIRQ
383745.0,4200135.0,49PVPH
411585.0,4203465.0,DC7WT5
471045.0,4147425.0,FIWWNN
498345.0,4135065.0,EN7Z2N
487395.0,4142055.0,GP1J0P
520575.0,4102515.0,PIWQ2H
520275.0,4123275.0,M42VPT
521265.0,4109565.0,1IJMGW
412275.0,4169175.0,Z1SD78
501015.0,4132365.0,XAPOAM
502725.0,4132875.0,HZSXO9
487815.0,4115565.0,RQCA64
521355.0,4107345.0,99Q9RR
428625.0,4161375.0,CA01BN
429795.0,4190445.0,YTJTSX
404745.0,4157415.0,JW97Q7
531135.0,4106445.0,IKFIAT
502875.0,4102305.0,E12EWT
455925.0,4206105.0,Y0W81X
473175.0,4100895.0,NQ98IJ
483045.0,4124385.0,7NMT0S
415395.0,4180965.0,R45ZWL
450975.0,4195455.0,ADEKX8
485745.0,4128615.0,CUSLPY
423735.0,4164015.0,K5MRDK
472485.0,4108365.0,LCGDBN
530355.0,4174185.0,TYAKFA
469125.0,4110765.0,N26US9
454695.0,4203435.0,SCSKJN
480495.0,4120335.0,AVXPVR
384885.0,4207515.0,9PVJZ0
495885.0,4108785.0,TGX4HD
411945.0,4178055.0,3YRNV9
533955.0,4100445.0,DMYZVL
493815.0,4171515.0,JY2ZEN
431295.0,4159485.0,YL2S7O
477885.0,4105665.0,BP8V2C
536475.0,4117725.0,WJ8J4C
413865.0,4167105.0,QOZBIS
529005.0,4143945.0,0M8N5P
483735.0,4139295.0,WNXDER
491745.0,4178565.0,QE7RHD
478995.0,4126695.0,NU5EIW
478665.0,4147275.0,4UCFKK
492855.0,4177875.0,DV1LZZ
511725.0,4142445.0,OJJB37
496695.0,4154685.0,CTJZH9
529125.0,4102395.0,CBHAOU
483705.0,4180515.0,HY7JD3
515895.0,4113555.0,5LE3OT
427245.0,4156455.0,H8EBQ4
497205.0,4136145.0,ZEJ4PP
458235.0,4115895.0,IKJFAV
451965.0,4170135.0,C8RR4G
492465.0,4166265.0,E8IPP0
453705.0,4161465.0,GM6Q1A
419175.0,4191255.0,ZIFLT3
501615.0,4124085.0,LF9RVY
484965.0,4159485.0,JGAG3X
506865.0,4151115.0,VG76HN
477915.0,4126995.0,WHHSME
467565.0,4114845.0,3BF5LC
463695.0,4154175.0,XMYQIB
430155.0,4185555.0,8SE3XK
437235.0,4148085.0,3GOHBN
495225.0,4107705.0,IRSAI5
493905.0,4168455.0,AE83OU
409515.0,4111215.0,8K4E7Y
426375.0,4180335.0,MYM07K
530535.0,4132215.0,KGELMA
484785.0,4187385.0,QCTSC4
487875.0,4133595.0,YQZU7O
490905.0,4154175.0,HMYND6
525585.0,4177995.0,GFK5TO
524475.0,4117545.0,MT2R39
394875.0,4128915.0,9OKXZU
472785.0,4146735.0,Q3QMC0
535875.0,4196655.0,BE1TCB
518805.0,4101045.0,D8U3DR
511605.0,4170105.0,IVMMHC
532515.0,4140795.0,WH8ILO
534045.0,4129815.0,C1LNLE
395445.0,4189395.0,U6CQN2
537915.0,4192785.0,9XDHCX
531825.0,4139955.0,C9M2OJ
500865.0,4175655.0,UQSPD0
513135.0,4142055.0,FO1BTO
429375.0,4149045.0,YTJWFY
494265.0,4106115.0,1VLS8Q
415575.0,4164465.0,UG24CI
502485.0,4148385.0,QN7KC0
527265.0,4154175.0,RULY2X
481035.0,4161165.0,TG3O0A
524955.0,4146645.0,QKA6LO
477525.0,4109925.0,YGNEEO
518955.0,4111185.0,LAE5DJ
424335.0,4189605.0,7RS8YZ
472875.0,4111695.0,YH3WY6
485865.0,4128705.0,1GAXVG
502965.0,4136235.0,8GNL8G
393225.0,4204665.0,Y5FD9T
511815.0,4170435.0,BLA8PJ
428115.0,4172775.0,3XKZ9K
401235.0,4116765.0,RQ8L65
382635.0,4206255.0,M4NCXS
470625.0,4104525.0,1SZO4E
481515.0,4128285.0,SKH7IZ
535365.0,4160835.0,4XASDN
434145.0,4183905.0,4K0LGU
528165.0,4180695.0,9IMW7C
428085.0,4159185.0,C9CQ2I
499005.0,4148385.0,D2KH6D
421005.0,4162935.0,F4VPBQ
392865.0,4187685.0,UQL77G
488625.0,4171965.0,1C2H62
521805.0,4108335.0,ZTITL9
514845.0,4146285.0,R0MWMZ
535215.0,4103475.0,5GUVB4
534645.0,4199655.0,Q7STHG
538095.0,4187655.0,725NVI
499995.0,4129035.0,L91IN0
483375.0,4118535.0,3GH380
447255.0,4167495.0,G2IDU5
411705.0,4205595.0,0WTJSF
428055.0,4187445.0,YK96YR
407205.0,4192875.0,33ELKD
431565.0,4128585.0,L7IRS2
517575.0,4154925.0,6QY7GN
450285.0,4101375.0,462N0B
487095.0,4157115.0,HH6WX4
428505.0,4160505.0,H3DOT4
477975.0,4148325.0,ZTSS04
464925.0,4158105.0,FP1Z0Z
404895.0,4165515.0,345Y36
527445.0,4162365.0,GWWX0U
540495.0,4160925.0,OWHLU2
503565.0,4136025.0,2LWZSR
472815.0,4108605.0,3QXUM7
484665.0,4160475.0,IBPC3T
539055.0,4112235.0,33AANJ
520965.0,4131765.0,OQM0LJ
493365.0,4112595.0,FOP9MZ
538365.0,4199235.0,ELO6RU
509055.0,4185075.0,TNXRZ3
519885.0,4117425.0,7OUIDB
440205.0,4168665.0,OGZHG6
514215.0,4116495.0,ER3UVG
463395.0,4186245.0,AQEFXP
465255.0,4181835.0,KMUAPM
445635.0,4126455.0,4OIG4A
512505.0,4104675.0,SBJQ7H
526845.0,4176135.0,4QP13U
448935.0,4165125.0,47JERX
433785.0,4101585.0,1QDPI7
519225.0,4114335.0,UP3FMD
515085.0,4142295.0,D2AQ27
405705.0,4162335.0,Q343Q0
429885.0,4154955.0,2QKPX4
495345.0,4173795.0,OML22W
391755.0,4189455.0,HRPNFX
481275.0,4124745.0,03L11W
516375.0,4113915.0,Q4J0QB
491355.0,4116765.0,5PO8ML
487335.0,4190685.0,UDTPTZ
502245.0,4103115.0,GQB6HC
500475.0,4186395.0,D2HIRO
447675.0,4192005.0,KJIGXR
388905.0,4193055.0,SFNKAM
409635.0,4176075.0,W5K71U
483345.0,4168035.0,LGG3FF
461115.0,4167975.0,NV390V
516825.0,4116615.0,MVYEYE
512925.0,4134615.0,53VP6V
488535.0,4120995.0,AM570F
530415.0,4111245.0,HOUIAL
477495.0,4112685.0,YD5O6W
478785.0,4126365.0,R8SAM6
511815.0,4151475.0,ZRRV0X
534465.0,4121235.0,YV1Y5C
450735.0,4165725.0,ZIBNDN
499125.0,4137645.0,R1J8L1
415935.0,4135365.0,LYD13D
478965.0,4167765.0,8DGTVP
460005.0,4167915.0,QYT9DM
420255.0,4186395.0,PG13BC
429375.0,4162905.0,8ORL7C
516645.0,4187205.0,IMJQDQ
484485.0,4163235.0,Z1LD5Z
540315.0,4175505.0,IOF92A
537525.0,4104795.0,9RA2EU
472485.0,4158165.0,EEPNL0
432795.0,4108245.0,U1TH22
537855.0,4106565.0,GTCWND
442695.0,4157655.0,XXNFJO
449115.0,4114335.0,9WOCP5
527925.0,4116705.0,9HH805
462765.0,4147575.0,J269YA
504975.0,4147965.0,EDL20Z
499155.0,4179945.0,8UWY52
493725.0,4167405.0,C3AQ0F
509775.0,4168065.0,7HLXZ4
395475.0,4207785.0,SGHDM0
489105.0,4197585.0,DX3ECM
479025.0,4099755.0,98F9OZ
462765.0,4179045.0,T08KDL
479805.0,4110165.0,X89F7U
392265.0,4195065.0,6QDENN
458475.0,4144845.0,53TXXZ
478755.0,4107885.0,80T10G
523755.0,4152075.0,77ASYT
488655.0,4160265.0,7QK0BA
442545.0,4105395.0,5SSX59
495495.0,4177005.0,U843SQ
434895.0,4147215.0,Y2YYH7
468855.0,4164225.0,N100Q7
475905.0,4167315.0,D5PUZ4
501645.0,4174785.0,IV8URB
487605.0,4192785.0,NBKJM2
535935.0,4117575.0,7BYM5P
529935.0,4102905.0,LYMSMR
445185.0,4200525.0,2RLNOE
502395.0,4181325.0,V47VTZ
527115.0,4103385.0,ERDLWN
434475.0,4162095.0,FTVHAE
483405.0,4177665.0,8MWOBO
505845.0,4172565.0,YCS03U
487215.0,4187985.0,R1KMPA
463185.0,4183485.0,L9UHTE
493245.0,4112925.0,OW581V
496005.0,4179225.0,NMYJDT
399615.0,4183305.0,3DW95A
482145.0,4123905.0,L3H2R7
507345.0,4132275.0,SG6NY6
530355.0,4167735.0,PSHSTK
530055.0,4179285.0,OHFYBP
466245.0,4150905.0,EVDPAW
424665.0,4164825.0,T29JT8
476295.0,4176465.0,1X8NCT
498585.0,4159695.0,ZSW6IJ
426855.0,4160355.0,3OZH5Y
514125.0,4153605.0,HXWVVO
523635.0,4105605.0,AZ53QX
508485.0,4135245.0,668HPR
463785.0,4146285.0,1H18I0
470025.0,4146405.0,P55ML8
382545.0,4167345.0,LE541V
479955.0,4160535.0,XSZVJD
510765.0,4107555.0,S7SKLR
394695.0,4207935.0,WN3C6D
479145.0,4116885.0,8PJ9YX
532575.0,4105875.0,FZWIBT
479715.0,4107255.0,MZQM3Z
423135.0,4157325.0,J5LVW5
515415.0,4099695.0,KOLUBV
378105.0,4180395.0,FLFDMT
518745.0,4128525.0,MAU2CA
473355.0,4164465.0,VCST4N
387495.0,4205805.0,8TNBGE
397515.0,4125705.0,DYZB5I
478935.0,4165995.0,RS9JP1
531465.0,4149675.0,HSUK6Q
461175.0,4179405.0,STBI7M
389175.0,4193205.0,UAI9EY
514305.0,4103895.0,Q38YK6
518655.0,4109865.0,0FOUU3
488655.0,4174905.0,1ATKNY
536055.0,4111515.0,7SB54K
533265.0,4148115.0,GNCZXP
511935.0,4108365.0,6MQPFI
503265.0,4183635.0,6RAC6P
492855.0,4109835.0,JG8C8D
533685.0,4116105.0,0ZHU22
501195.0,4100625.0,0JAMDX
454575.0,4194075.0,EKXZ9T
516765.0,4114065.0,BRJQ0H
476895.0,4110225.0,RGN3CM
504255.0,4188855.0,8Q2QKM
454635.0,4202535.0,V1RUFN
398505.0,4161405.0,MPJ870
477945.0,4123035.0,5Q50IP
521145.0,4102965.0,WKFDLZ
517965.0,4100565.0,LZQCUJ
427545.0,4157235.0,PHIOD8
431955.0,4125585.0,XBZZZN
518145.0,4103295.0,W0NCKP
425595.0,4184775.0,8SURSD
388995.0,4204875.0,9U5DHD
496545.0,4110105.0,MRI3YA
530445.0,4111035.0,VM1KMI
503025.0,4102125.0,F6L7WZ
513405.0,4189815.0,4AGTD0
493365.0,4114065.0,6I074Z
466605.0,4103205.0,LOWQM9
455295.0,4194435.0,ZITFSM
503775.0,4187385.0,YOOFRY
502035.0,4124595.0,AFHCFG
515775.0,4110195.0,QKYYY4
486675.0,4128105.0,NUE4QM
508845.0,4134945.0,VW2B3B
486825.0,4157835.0,JK7IAK
533265.0,4159935.0,TKQMHY
455205.0,4203645.0,B2ENSL
460875.0,4184475.0,PKKZ7X
491595.0,4113135.0,T7JCPP
533655.0,4203225.0,3GG7T5
429045.0,4113345.0,UY3T9L
386115.0,4205115.0,LF774O
391155.0,4199295.0,SU1YHJ
435795.0,4149645.0,4RIFQI
477855.0,4108275.0,6DKS7A
468405.0,4181955.0,KMEKDO
440085.0,4140015.0,0KK7C5
446085.0,4111575.0,9XF4JQ
387885.0,4197735.0,0RZYKN
464355.0,4149225.0,SB67TV
434535.0,4161585.0,2O0D8H
466485.0,4176285.0,6VR3RL
411825.0,4144995.0,Y99GJ2
530835.0,4197825.0,YP8CSO
476745.0,4108965.0,FWWKUT
516705.0,4108005.0,19CPVU
502365.0,4169295.0,UDIGEG
530895.0,4196715.0,QSP33Q
496125.0,4178925.0,5RKU4G
499785.0,4134495.0,W1VF0G
514275.0,4104165.0,3CS81F
501615.0,4182195.0,XK6SSL
453015.0,4158945.0,0OP9VA
530895.0,4104585.0,YDO1EX
439185.0,4198365.0,S9UR1P
464415.0,4120275.0,Y9QW80
535905.0,4118805.0,XHWM5G
463155.0,4161495.0,57UHLS
519225.0,4176375.0,DYVITK
536955.0,4196985.0,BPZMLR
454425.0,4159725.0,FZN7LF
495525.0,4164105.0,S1C0RC
452865.0,4136355.0,WQTFX7
460155.0,4107405.0,Z6D8BY
517665.0,4113585.0,VY7HNA
460275.0,4107225.0,4U7BQ5
425805.0,4184715.0,VQCXYH
463425.0,4155765.0,FHVMMB
471975.0,4180425.0,CQTSPT
537315.0,4118025.0,OBTK5A
509595.0,4145025.0,VEVPTR
515865.0,4100445.0,TGU9RP
502875.0,4129845.0,HVPY2L
385515.0,4136625.0,DF6D08
447225.0,4118145.0,8R9ZN4
473715.0,4110315.0,RIMWXI
389505.0,4192395.0,XO5BDA
432705.0,4180635.0,E3DSIM
446085.0,4187055.0,0MFLKW
423975.0,4183455.0,STO1GU
406275.0,4206795.0,979P99
396435.0,4112895.0,GF8JSN
470085.0,4107285.0,EZRPKS
487725.0,4182675.0,3HVGYI
495525.0,4124205.0,C2RNOS
529095.0,4153065.0,AR2E2E
459375.0,4175625.0,FXA3GQ
470595.0,4102395.0,0RV3Z2
523575.0,4107225.0,AZKVMK
525015.0,4103955.0,9QNOI9
520725.0,4168935.0,C699WL
445275.0,4119315.0,AAXPZS
460395.0,4110975.0,AZICB6
472305.0,4105605.0,7FFRQF
527175.0,4149765.0,DU66YU
496755.0,4133955.0,EAHZ0D
493185.0,4159755.0,5PG9GH
536985.0,4119555.0,FTM05O
453285.0,4201155.0,JDLPFN
391455.0,4200525.0,ZW9MGV
465735.0,4197855.0,VQ453W
531615.0,4197975.0,UM78YD
521625.0,4107465.0,59U7JX
479115.0,4108545.0,2ZV2IS
447765.0,4193145.0,TD6RN0
475425.0,4150965.0,HF4T5J
477765.0,4161075.0,C7O3FZ
492045.0,4144215.0,XUXMQ3
476715.0,4115805.0,YEM2UP
475665.0,4167465.0,XYDM1R
428955.0,4191015.0,54VB2G
532245.0,4143765.0,KA0LKB
500325.0,4182345.0,UJRTPT
479355.0,4126455.0,U94585
491715.0,4197135.0,FLA85H
418965.0,4110495.0,NWI6MX
476025.0,4146825.0,RRNG2H
484785.0,4134975.0,CTI9BO
489585.0,4194345.0,9WLOGA
433365.0,4183755.0,W8NVQG
