Latitude,Longitude,Name
419149.41281138791,4156304.5044052862,SNM3HC
526176.71530249109,4171241.7621145374,TEDCSZ
527826.51957295369,4100574.7356828195,Q659WC
494710.44839857653,4108283.3204845814,FF2GPL
505359.18505338079,4182399.7136563878,9VEHWY
496600.22419928823,4102374.4052863438,VX1UF0
510308.5978647687,4150275.6112334803,NLIE6E
519997.44839857647,4113082.4394273129,NUJRDN
459764.59430604981,4181079.9559471365,WG5UBQ
467593.66548042704,4145926.4096916299,UJW1KG
448365.94661921705,4114192.2356828195,WIUAB0
470563.3131672598,4187348.8050660794,CPEEQY
415219.87900355872,4164073.0781938327,8VEAIC
457604.85053380782,4139297.6266519823,9RCQI2
512558.33096085407,4166382.6541850222,IM8R6T
487601.29181494663,4142027.1255506608,E5OR7K
415519.8434163701,4163773.133259912,J9WKJA
439876.95373665483,4165152.8799559469,EQ8NHW
482951.8434163701,4112632.5220264317,ZNE4AL
520987.33096085407,4116771.7621145374,UKDXGV
398151.90391459077,4165932.736784141,QBOYT1
496900.18861209962,4136958.0561674009,EOIHWJ
456105.02846975089,4160353.7610132159,KZ3FU1
494890.42704626336,4165212.8689427311,5X0HNL
410810.4021352313,4168482.2687224671,M3120C
513008.27758007118,4181229.9284140971,TSQKA2
491980.77224199288,4133028.7775330395,Z9826X
511058.50889679714,4148565.925110132,5QU3GA
510728.54804270458,4159483.9207048458,UTFSG7
537335.3914590748,4125860.0936123347,1MN72M
495490.35587188613,4141907.1475770925,H5EWFR
483281.8042704626,4179520.2422907487,FHIL50
409580.54804270464,4205405.4900881061,9Y45LI
434597.58007117437,4165482.8193832599,O85GBN
495370.37010676158,4106183.7059471365,8LT1LS
403701.2455516014,4179550.236784141,M8HWYV
482111.94306049822,4112272.588105727,GLEXMJ
529656.30249110318,4108733.2378854626,MBKUWU
509528.69039145904,4135038.4085903084,DCPQEI
526536.67259786476,4168002.3568281936,NCXAHG
489221.09964412812,4197067.0209251102,I0W78P
474192.88256227761,4165902.7422907487,1MARXW
512528.33451957296,4147846.0572687224,8H5K7F
515078.03202846972,4118211.4977973569,Z4BWJK
495100.4021352313,4164373.0231277533,ATV0ME
509078.74377224199,4195207.3623348018,AGP5MW
458204.7793594306,4202226.073788546,N02HCN
501519.64056939504,4172081.6079295157,AQUPMY
436877.30960854091,4099464.9394273129,4WA8XY
425118.70462633454,4139447.5991189429,52F8OV
494950.41992882563,4111612.7092511011,MMCQ0V
398271.88967971533,4115871.9273127755,KNUW96
478902.32384341635,4106603.6288546254,W1F82S
479232.28469750891,4106993.5572687224,AW3PP0
531816.04626334517,4175381.0022026431,MEWSAO
481482.01779359428,4116351.8392070485,5K46ZQ
518797.59074733092,4108913.204845815,GUW396
490150.98932384339,4160443.7444933923,J9X0MI
489791.03202846972,4185939.0638766522,3ZH9TN
492580.70106761565,4156244.515418502,YGVAZV
491800.79359430604,4154864.7687224671,S8AYZ7
482291.92170818505,4153485.0220264317,LKW1CK
470863.27758007118,4182549.6861233478,GYOL6K
521527.26690391463,4130149.3061674009,YKN5TU
496090.28469750891,4109393.116740088,DSR2F3
527706.53380782914,4178290.4680616739,ML4YIN
497590.10676156584,4130119.3116740086,KJMZQX
498490.0,4109213.1497797356,KXBDVC
412880.1565836299,4121300.9306167401,YE1OWU
437117.28113879001,4165092.8909691628,2YEATM
527976.50177935942,4166442.6431718064,W03XO9
408620.6619217082,4117251.6740088104,5LYXF0
456764.95017793594,4143076.9328193832,CKA1MK
456914.93238434161,4137977.8689427311,21PBUW
481182.05338078295,4110652.8854625551,DT3CXW
529476.32384341641,4161553.5407488989,RDSFXF
433727.68327402137,4107563.4526431719,UZ30Y2
490180.98576512455,4188188.6508810571,J5TSAH
494560.4661921708,4163113.2544052862,E8K1DN
472183.12099644128,4187828.7169603524,BJJKTW
481272.04270462634,4150695.5341409692,I7MEDG
516337.88256227761,4182099.7687224671,1OLVQU
528306.46263345191,4179670.2147577093,G1815V
499659.86120996438,4140047.4889867841,VFX87Z
477342.50889679714,4140167.4669603524,BBUVKR
477582.48042704625,4119321.2940528635,5MZF6U
487211.3380782918,4132398.8931718064,PYJWXW
452205.49110320286,4163503.1828193832,62SILV
496990.17793594307,4137377.9790748898,E7K97O
510128.61921708181,4168152.3292951542,JOJTSQ
482411.90747330961,4114972.0925110132,TUB1VX
484631.64412811387,4124720.3028634363,QQ2G38
520957.33451957296,4186478.9647577093,S6Q8FP
401841.4661921708,4174271.2059471365,KL6Q51
526476.67971530254,4174931.0848017619,FFYIKS
480672.11387900356,4150395.5892070485,AEU9DV
516847.82206405693,4179280.2863436122,O7D96G
503589.39501779363,4169712.042951542,QP5VBA
518017.68327402137,4150755.5231277533,AFFFID
452265.48398576514,4166622.6101321587,CE1UYV
463394.16370106762,4154294.8733480177,5LJAJX
478092.41992882563,4122020.7984581497,KME8GC
466813.75800711743,4180780.0110132159,HUZUHV
495730.32740213524,4110082.9900881057,EM6JUL
488231.21708185051,4114042.263215859,JNE47I
419719.34519572952,4145866.4207048458,7U9SW3
379014.17437722418,4205285.5121145379,I718FV
504879.24199288257,4188038.6784140971,J7RO2B
415489.84697508899,4126549.9669603524,QNGNCO
496120.28113879001,4136028.2268722467,ZIUWD5
480792.09964412812,4139837.5275330395,BFK8E0
503589.39501779363,4165422.8303964757,APCGXS
527646.54092526692,4147066.2004405288,JYPMFN
494140.51601423486,4106843.5848017619,B8FQFW
511748.42704626336,4104983.926211454,YBH5L6
534155.76868327404,4114822.1200440531,3IHXVC
467953.6227758007,4106003.7389867841,E1XVWG
495760.32384341635,4125860.0936123347,ARNN21
384893.47686832742,4136088.2158590308,0E2EKF
524616.90035587188,4180600.0440528635,NDEXHN
388913.0,4127179.8513215859,XI5FZQ
497200.15302491107,4105553.8215859029,SXCZKJ
496330.25622775801,4105133.8986784141,P1PDJZ
475992.66903914593,4118511.4427312776,8HXUVF
416899.67971530248,4142687.0044052862,93DQTA
478662.35231316724,4146166.3656387664,D9MWRN
467053.72953736654,4109453.1057268721,CWG13Z
465583.90391459072,4180600.0440528635,VJKO0E
497920.06761565839,4127239.8403083701,9UHTLJ
413420.09252669039,4174121.2334801764,Q6WS8O
421789.09964412812,4120611.0572687224,YUJUQH
428118.34875444841,4108493.2819383261,BG7WD2
407630.7793594306,4116621.7896475769,YVXZG2
482441.90391459072,4166412.6486784141,X7NJTC
473113.01067615661,4106213.7004405288,ULB878
514178.13879003562,4103664.1685022027,XQK1KB
492700.6868327402,4164223.0506607927,NXAWOY
410930.38790035585,4169472.0870044054,5E9JHQ
460664.48754448397,4143556.8447136562,ZIWGVN
509198.72953736654,4144936.5914096916,6SJZB9
478992.3131672598,4120611.0572687224,DJG091
482381.9110320285,4181709.8403083701,WRV03E
513788.18505338079,4138667.7422907487,U9DGY3
402621.37366548041,4175890.9085903084,JCXFFH
502569.51601423486,4187888.7059471365,3Y80MU
493150.63345195731,4128499.6090308372,4F2DPQ
516457.86832740216,4182249.7411894272,YZD33Y
509168.73309608537,4142237.0870044054,UP0XDC
531636.06761565839,4116201.866740088,S9B37P
489641.04982206406,4132758.8270925111,6JQYLP
488831.14590747328,4166142.6982378853,KX3B00
513548.21352313168,4113982.2742290748,X57OOA
470713.29537366546,4163593.1662995596,3UG36P
462884.22419928823,4145236.5363436122,2IWKC3
380603.98576512455,4206485.2918502204,SJQZAA
430068.11743772239,4163863.116740088,1PZPOZ
501249.67259786476,4147306.1563876653,GQLCO7
482861.85409252672,4124030.4295154186,MUCJT3
515647.96441281139,4114792.1255506608,DN5DOJ
436427.36298932385,4172591.5143171805,NAVJOX
497650.09964412812,4175770.9306167401,JZSHA6
481002.07473309606,4122230.7599118943,RI427E
527766.52669039147,4166952.5495594712,28AMVH
473742.9359430605,4105793.7775330395,WRSQU1
529926.27046263346,4176640.7709251102,EG6P4W
480972.07829181495,4101354.5925110132,VT338D
506529.04626334517,4117881.558370044,BJTFKD
499989.82206405693,4179010.3359030839,MYK677
512948.28469750891,4150125.6387665197,TIRPMN
507668.9110320285,4186568.9482378853,X0G137
520687.36654804274,4106603.6288546254,8OTOHH
413000.14234875445,4165932.736784141,2VV2TS
379854.07473309606,4204685.6222466957,5ZWO9F
498579.98932384339,4127119.8623348018,HM6V82
515078.03202846972,4116741.7676211456,12PHR4
503049.45907473308,4137347.984581498,CFFISQ
462374.28469750891,4182819.6365638766,P1QAEP
487841.26334519574,4116111.883259912,CTKSIL
487271.33096085407,4145986.3986784141,PEYQXB
499809.8434163701,4176100.8700440531,RK3BK4
528306.46263345191,4181379.9008810571,49QHAZ
448275.95729537366,4162543.3590308372,8S5WGD
400311.64768683276,4190108.2984581497,RHJE4X
456165.02135231317,4176820.7378854626,UPGX93
470863.27758007118,4185309.1795154186,0FNXOW
519997.44839857647,4101894.4933920703,AFXB4I
434927.54092526692,4107023.5517621147,I9ELPR
495100.4021352313,4110023.0011013215,4JQYDL
425118.70462633454,4176130.8645374449,TEMIR6
491410.83985765127,4143676.8226872245,Q2JBRL
452325.47686832742,4162633.3425110132,WVIUPS
518257.65480427048,4102884.3116740086,HY4GZU
406460.91814946616,4202106.0958149778,DDYJAV
517147.78647686832,4100574.7356828195,HI3RV8
481182.05338078295,4126340.0055066077,1QUKWB
420619.23843416368,4125860.0936123347,NEA9GH
461684.36654804269,4186718.9207048458,4TYV65
488321.20640569396,4134108.5792951542,YXOMOJ
528306.46263345191,4181019.9669603524,LIV5O3
399561.73665480426,4190168.2874449338,TSW7UG
491080.87900355872,4134048.5903083701,BQ7D4S
475902.67971530248,4139897.5165198236,OO31WA
484961.60498220642,4132188.9317180617,8ODE1I
501969.58718861209,4101504.5649779737,JUVJ37
484631.64412811387,4115841.9328193832,K8GIIJ
415519.8434163701,4162693.3314977973,EITP50
460154.54804270464,4138727.7312775329,DTCQ57
401181.54448398575,4190198.2819383261,WHU766
487091.35231316724,4145746.4427312776,M4KOY1
529656.30249110318,4167612.4284140971,59A0ZN
519817.46975088969,4188608.573788546,GCI99Q
475422.73665480426,4104953.9317180617,XN3OTN
491650.81138790038,4166922.5550660794,3TSUS4
466693.77224199288,4196617.1035242295,6U6QN4
482591.88612099644,4107623.441629956,RYDN40
482501.89679715305,4166292.6707048458,8XH9LZ
484571.65124555159,4185909.0693832599,P0UHE9
493930.54092526692,4109093.1718061673,BGKC4T
465583.90391459072,4141577.2081497796,CY3F6N
450915.64412811387,4107743.4196035243,SN7EYZ
471943.14946619218,4163533.1773127755,U2CA63
443176.56227758009,4191907.9680616739,AJZCI3
474222.87900355872,4102104.454845815,Q3GVNC
455955.04626334517,4179640.220264317,F5EIS9
436577.34519572952,4168242.3127753306,VMISPD
496480.23843416368,4103994.1079295152,2O4EJN
504699.26334519574,4142117.1090308372,Q7KOTB
486281.44839857653,4152315.236784141,PFZWLI
415069.89679715305,4123880.457048458,4ED8CV
512648.32028469752,4167132.5165198236,DJBR5Q
496270.26334519574,4141277.263215859,VYOWBG
512858.29537366552,4108163.3425110132,JZ2BHM
469993.38078291813,4102764.3337004404,EPK2IR
373314.85053380782,4182819.6365638766,FKDD6I
523926.98220640572,4181289.9174008812,BG0KWJ
481572.00711743772,4141217.2742290748,AG1QCH
491320.85053380782,4127899.7191629955,4EE2XT
398811.82562277582,4180390.0825991188,L01CEI
496750.20640569396,4106273.6894273129,SBIWLH
411680.29893238435,4204265.6993392073,NX82YW
507428.93950177939,4161823.4911894272,RYQT0Y
517297.76868327404,4117791.574889868,UQZZK5
470803.28469750891,4113082.4394273129,CA668K
457244.89323843416,4139237.6376651982,Q7AIQ7
484001.71886120993,4116111.883259912,6N31XZ
435647.45551601425,4170131.9658590308,VL4TMN
486971.36654804269,4146526.2995594712,7S59OV
497230.14946619218,4170461.9052863438,1JKAB6
515258.01067615661,4116681.7786343615,9NA7SM
537665.3523131673,4201776.1563876653,W5MXQT
505029.22419928829,4131109.1299559469,J2N7RM
414979.90747330961,4154114.9063876653,DHPNNK
526566.66903914593,4169802.0264317179,CLWA64
409520.55516014236,4205615.4515418503,30FA0Y
497200.15302491107,4135968.2378854626,TALVWJ
429288.20996441279,4144456.6795154186,3F5CW3
486461.42704626336,4184529.3226872245,3EADO0
418999.43060498219,4160023.8215859029,GVB3AA
504129.33096085407,4164463.0066079297,R758LC
387653.14946619218,4204475.6607929515,HUSGII
467953.6227758007,4179520.2422907487,W40IDV
426528.53736654803,4171241.7621145374,M6UMAD
431537.94306049822,4150155.633259912,5OYIDW
491380.8434163701,4114162.2411894272,9I12JW
486761.39145907474,4127899.7191629955,G2S6LE
414319.98576512455,4167042.5330396476,YDS4OE
503709.38078291819,4154024.9229074889,0F7IL0
473742.9359430605,4169442.0925110132,GY22JB
477912.4412811388,4101894.4933920703,UEYLNL
431447.95373665483,4124840.2808370045,DHGKEJ
493630.57651245553,4158254.146475771,TSS3IJ
515797.94661921705,4102854.3171806168,9YV1UP
525426.8042704626,4146226.3546255506,KGZOEW
486431.43060498219,4182729.6530837002,M13XE2
495370.37010676158,4107893.3920704848,AVC7UY
487961.24911032029,4115931.9162995596,GV7VAM
477222.52313167258,4119321.2940528635,W8VJGO
411320.34163701069,4170041.9823788544,K6K8ZS
497470.12099644128,4181109.9504405288,LIALYA
435917.42348754447,4172261.574889868,2SOQGO
511058.50889679714,4169802.0264317179,8YG356
492370.72597864771,4134258.5517621147,C4KP2N
493720.56583629892,4113022.4504405288,B46ZH8
510728.54804270458,4106063.7279735683,Z4OP51
489641.04982206406,4154114.9063876653,0KSV4U
476802.57295373664,4113442.3733480177,88XMR2
469813.4021352313,4113232.411894273,XWC3TY
474162.88612099644,4104054.0969162998,139KKE
480252.16370106762,4108553.2709251102,7ZCNXM
520777.35587188613,4185789.0914096916,NYIDY3
475212.76156583626,4106513.6453744494,X8SX7K
502959.46975088969,4178770.3799559469,P3HPP3
486431.43060498219,4141157.2852422907,807CRY
522877.10676156584,4103274.2400881057,MEP8EI
373254.85765124555,4182639.6696035243,P2ZINU
475362.74377224199,4184769.2786343615,DZ8JOX
519637.4911032028,4187258.8215859029,BW6TSH
517207.7793594306,4165722.7753303964,B2D2CC
521827.23131672596,4183779.4603524227,ZIMOA9
507218.96441281139,4172021.6189427311,H7D1V8
479232.28469750891,4102134.4493392073,1PL2RE
518377.64056939504,4178620.4074889868,ZB5U7Z
396262.12811387901,4113472.3678414095,MFXG38
516787.82918149466,4116951.7290748898,9LCBPH
507638.91459074733,4186748.9151982381,ALY4B5
499989.82206405693,4125470.1651982381,DJS29G
446326.18861209962,4163293.2213656385,QBWX5N
459434.63345195731,4192147.9240088104,9VOEOF
532176.00355871883,4143166.9162995596,1UQJXI
421309.1565836299,4154594.8182819383,4MODJD
516967.80782918149,4179850.1817180617,7L7MXK
491710.8042704626,4157414.3006607927,VCXMDM
514868.05693950178,4113352.3898678413,25EA8I
524946.86120996438,4177600.5947136562,FRWXRI
494920.42348754447,4129399.4438325991,0Y699U
424218.81138790038,4166112.7037444934,883TMJ
526476.67971530254,4173671.3160792952,IJ46S2
464354.04982206406,4183509.5099118943,W5CLHL
537875.32740213524,4200606.3711453741,7YX612
478782.3380782918,4102464.3887665197,BD15T8
475422.73665480426,4110862.8469162998,G0YN5Z
530706.17793594301,4178650.4019823787,5NY8RB
380873.95373665483,4196887.0539647574,ALH0K1
490120.99288256228,4130089.3171806168,PXXE58
479982.19572953734,4114612.1585903084,W2OBOC
459734.5978647687,4139447.5991189429,HG7J9W
485681.51957295375,4128349.6365638766,O3XS8L
531546.07829181501,4101804.5099118943,KEG3ZU
483341.79715302493,4118571.4317180617,241NY3
475212.76156583626,4104234.0638766522,M9DGLF
412520.19928825623,4155344.6806167401,GO8FCE
469753.40925266902,4182729.6530837002,I0X8AU
529746.29181494657,4160593.7169603524,APPTMI
516727.83629893238,4113832.3017621147,P5CPKW
392242.60498220642,4189448.4196035243,K9V9Z9
477582.48042704625,4101294.603524229,2DWJD0
494650.45551601425,4156814.4107929515,4WY0AW
461384.4021352313,4153634.9944933923,O6S1EL
470803.28469750891,4183839.4493392073,RL6TTT
487901.25622775801,4140587.3898678413,W1C57W
496030.29181494663,4128859.542951542,82P30E
525966.74021352315,4144636.646475771,YQRNOT
497110.16370106762,4100814.691629956,GYRQ19
490031.00355871883,4114372.2026431719,HA0JRZ
481542.01067615661,4102374.4052863438,INGHTQ
483341.79715302493,4166952.5495594712,XHEBFN
419869.32740213524,4125080.236784141,73ACIJ
467593.66548042704,4179730.2037444934,YY37BI
464714.00711743772,4181589.8623348018,NSLL2F
484751.62989323842,4132788.8215859029,ZZZELU
512858.29537366552,4113562.3513215859,8B7LCY
527886.51245551603,4148295.9746696036,OAASGC
472273.11032028473,4183149.5759911896,KH5QKF
482291.92170818505,4124000.4350220263,ESP8VD
526926.62633451959,4109633.0726872245,H1NPQC
482921.84697508893,4114192.2356828195,H26EDO
516487.86476868327,4115422.0099118943,XDI0HZ
484751.62989323842,4184439.3392070485,HPNESM
518797.59074733092,4189028.4966960354,MM4S1N
459434.63345195731,4194907.4174008807,JXPYX6
496540.23131672596,4136718.1002202644,58JS4Q
511808.41992882558,4140287.4449339206,G65OIJ
526656.65836298931,4163323.2158590308,VSUSOS
473952.9110320285,4185729.1024229075,BKPHB2
491680.80782918149,4181709.8403083701,1SQJZE
482021.95373665483,4160713.6949339206,YQRTF1
522577.14234875445,4181709.8403083701,7TLTJV
513548.21352313168,4149495.7544052862,UNXL38
498969.94306049822,4127659.763215859,NRM8ZN
482021.95373665483,4166052.7147577093,HCW7DI
486881.3772241993,4133418.7059471365,R05QVJ
493060.64412811387,4104264.058370044,OXIWJ5
495970.29893238435,4133358.7169603524,BDS3K6
496600.22419928823,4105553.8215859029,A333HB
500049.81494661921,4137138.0231277533,Y30RPR
409580.54804270464,4179580.2312775329,64LDDW
398511.86120996444,4177450.6222466961,9VBBQ3
428268.33096085407,4140017.4944933923,RU5EBF
455505.09964412812,4177900.5396475773,X6Z3ZK
536885.44483985764,4126609.9559471365,KFRZ4Y
526776.64412811387,4172861.4647577093,SVM1F5
520897.34163701069,4129129.4933920703,RQFSNY
506948.99644128117,4167222.5,DJ4D3K
461924.3380782918,4189988.3204845814,DYILKG
450375.70818505337,4158374.1244493392,HNLLCZ
525726.76868327404,4144576.6574889868,HCBTX9
502089.57295373664,4176910.7213656385,D1HJBV
472783.04982206406,4183179.5704845814,S86YSS
514538.09608540928,4107443.4746696036,RONX6B
513548.21352313168,4107923.3865638766,0H4831
522337.17081850534,4106213.7004405288,JEKUY2
477492.49110320286,4173791.2940528635,NSBEU9
474642.82918149466,4184529.3226872245,92K8FK
461384.4021352313,4152105.2753303964,WK7EQL
513698.1957295374,4166142.6982378853,OHYLMX
530826.16370106768,4178410.4460352422,T2HHUT
535385.62277580076,4197216.9933920708,GUUL8Y
519157.54804270458,4108553.2709251102,X0SN20
447945.99644128117,4168692.2301762113,5WC7A7
516367.87900355872,4107863.3975770925,UPBEZD
399861.70106761565,4184499.3281938327,BVA29I
489341.08540925267,4132458.8821585905,JPTQ0H
417139.65124555159,4171991.6244493392,YPK485
513038.27402135229,4111672.6982378853,MIVV82
484691.63701067615,4183719.4713656385,K1OW2S
496570.22775800712,4175680.9471365637,C8D6LO
485981.48398576514,4120251.1233480177,AYRF4R
520117.43416370102,4122980.6222466961,J9EW14
463574.14234875445,4182279.7356828195,9D9ZR5
456315.00355871883,4199526.5693832599,ICM5OE
487781.27046263346,4123370.5506607927,S8EGBL
500349.7793594306,4137947.8744493392,41F9NF
457214.89679715305,4137557.9460352422,GUI8OC
496900.18861209962,4177870.545154185,E0ECOC
527946.50533807825,4176790.7433920703,V1FMF6
521737.24199288257,4199496.5748898676,BQHGJF
502419.5338078292,4162423.3810572689,UZ2GDE
514688.07829181495,4101774.515418502,XK47B5
475572.71886120993,4104983.926211454,F0GAYT
502179.56227758009,4180810.0055066077,5RB0FG
493840.55160142347,4132458.8821585905,H1KYOI
483551.77224199288,4128469.6145374449,L7LK2Y
529956.26690391463,4194367.516519824,V5FYMD
533855.8042704626,4115841.9328193832,13EPJA
513218.25266903918,4104264.058370044,15OCP5
479382.26690391457,4109213.1497797356,OW4S9K
499809.8434163701,4177900.5396475773,R0QBXC
447616.03558718861,4162183.425110132,O5OOXW
516877.81850533804,4184199.383259912,WNN2ML
495880.30960854091,4103094.2731277533,68TPMI
481122.06049822061,4115841.9328193832,IMJ0C1
509048.74733096082,4116501.8116740086,PFZ6R1
479592.24199288257,4105433.8436123347,RPLTDV
489221.09964412812,4196947.042951542,BUUY2Y
487961.24911032029,4139267.6321585905,PRHNNP
502959.46975088969,4187588.7610132159,G1MU2F
473023.02135231317,4156544.4603524231,YLMQGB
400521.6227758007,4178800.3744493392,037NJ7
538295.27758007124,4126909.9008810571,B4RCQW
509588.68327402137,4161823.4911894272,EZPL7U
493270.61921708187,4168662.2356828195,VVSEHQ
491680.80782918149,4131019.146475771,4MBY1M
500709.73665480426,4176610.7764317179,LA1TH2
506289.07473309606,4162873.2984581497,DXVF32
520777.35587188613,4102254.4273127755,W5HOBD
411230.35231316724,4169382.103524229,BXXEQH
496210.27046263346,4108493.2819383261,4A5L7E
485921.49110320286,4130329.2731277533,QLHOOW
486701.39857651247,4129129.4933920703,ZPHWD8
498939.94661921705,4106423.661894273,2WS7SO
496300.25978647685,4142926.9603524231,EB45L9
449505.81138790038,4160443.7444933923,D4TA9L
496000.29537366546,4105943.75,K9ZZOA
514478.10320284695,4146046.3876651982,J3HFPI
501819.60498220642,4177510.6112334803,35HS52
526686.65480427048,4175410.9966960354,247DZA
509918.64412811387,4169802.0264317179,A01CV4
451455.58007117437,4156514.4658590308,V02C86
481092.0640569395,4116771.7621145374,6GFYYP
452025.51245551603,4158494.1024229075,RSISRD
517777.71174377226,4187408.7940528635,PMY0FY
518497.62633451959,4114792.1255506608,W9LYE8
489251.09608540928,4133898.6178414095,W8LBR1
490600.9359430605,4113562.3513215859,7E0RRM
495010.41281138791,4132218.926211454,OFB93A
513608.20640569396,4138547.7643171805,29OWWF
502179.56227758009,4101774.515418502,PPU1WP
491740.80071174377,4155404.6696035243,6BZUMS
409370.57295373664,4205825.4129955946,KGCWSO
400641.60854092526,4183359.5374449338,BT7OPR
514238.13167259784,4115961.9107929515,ZHPWIY
464084.08185053384,4155134.7191629955,Z4W7TA
482921.84697508893,4168512.263215859,TJ0NVG
418729.46263345197,4142117.1090308372,VWZ6JX
496480.23843416368,4169862.015418502,9POAQN
431147.98932384339,4128619.5870044054,GMXGHX
471073.25266903912,4182099.7687224671,D9VJG1
461054.4412811388,4144636.646475771,C1YB9T
500829.72241992882,4135878.2544052862,BRLN73
513758.18861209962,4152675.1707048458,PQNZBU
497470.12099644128,4185819.0859030839,XBEWWE
520177.42704626336,4116231.8612334803,WAUFSW
520507.38790035585,4123910.4515418503,MN6V7T
483671.75800711743,4161103.6233480177,M5J6C9
518827.58718861209,4109033.1828193832,AVM41Y
519247.53736654803,4186119.0308370045,DUFV9X
471643.18505338079,4184829.2676211456,30JRQP
531036.13879003562,4174241.2114537447,L01Q98
397761.95017793594,4135878.2544052862,JIDR53
426648.52313167258,4207235.1541850222,2VA0GL
489911.01779359428,4187258.8215859029,CEVB5O
389122.97508896794,4126729.9339207048,ZYV062
480882.0889679715,4128709.5704845814,HHR93H
398511.86120996444,4205315.5066079292,E3FAGZ
510848.53380782914,4161223.6013215859,U3MI8I
511868.41281138791,4167222.5,TDC6O9
463904.10320284695,4183749.4658590308,SF80KI
401541.50177935942,4177270.6552863438,N40JYT
537185.40925266896,4198926.6795154186,XGNTMV
509708.66903914593,4155044.7356828195,LH0XNN
490360.96441281139,4189478.4140969161,0UPGNV
418159.53024911031,4156004.5594713655,0RR6L9
507188.96797153028,4189898.3370044054,FFLHUL
492820.67259786476,4157594.2676211456,ZWVP58
491530.82562277582,4143226.9052863438,H99AD3
401151.54804270464,4116351.8392070485,GUASON
419839.33096085407,4159093.9922907487,5YCKN6
483011.83629893238,4114642.1530837002,5PH5YF
528366.45551601425,4180300.0991189429,MW53PX
488981.12811387901,4160263.7775330395,QZBWH8
452715.43060498219,4203755.792951542,GWOMT9
502449.53024911031,4188098.6674008812,IATF4M
500979.70462633448,4171571.7015418503,LZ8XN3
479082.30249110318,4102194.4383259914,9KHKX1
475692.70462633448,4186418.9757709252,9OSQT6
493750.56227758009,4136208.1938325991,7SUD2G
483731.75088967971,4163143.2488986785,3SVSSU
501879.5978647687,4175141.0462555066,2VHQX4
480222.16725978651,4131918.9812775329,IZ2KG7
491140.87188612099,4142986.9493392073,U6W82B
485021.5978647687,4162873.2984581497,BZDNTV
498400.01067615661,4131319.0914096916,Y8HTAB
490300.97153024911,4133718.6508810571,A31KC5
488381.19928825623,4152975.1156387664,71IXXU
497140.16014234873,4133478.6949339206,CJKA34
492580.70106761565,4173521.3436123347,CPEU6C
495940.30249110318,4169442.0925110132,JJCCON
506169.0889679715,4164463.0066079297,ATMJVN
426438.54804270464,4138607.7533039646,IW4SN1
482681.87544483982,4183539.5044052862,7SPKCH
400401.63701067615,4174961.0792951542,O127TE
531306.1067615659,4175620.9581497796,I57CGB
477852.44839857653,4147006.2114537447,IAOI8I
496300.25978647685,4133778.6398678413,X0VF05
493090.64056939504,4128049.691629956,XBSWEB
509438.70106761565,4173071.426211454,X3QOFL
538145.29537366552,4200606.3711453741,2XAXJD
497530.11387900356,4124870.2753303964,I1F9FK
442426.65124555159,4145986.3986784141,2PJKQ0
496660.21708185051,4103064.2786343615,FMMEV7
489731.0391459075,4142866.9713656385,GU3NAB
504099.33451957296,4115841.9328193832,YVK3JM
494170.51245551603,4131409.074889868,NVAUZP
502149.56583629892,4121540.8865638766,WV1DDO
449985.7544483986,4162213.4196035243,JGRXUZ
398421.87188612099,4187858.7114537447,0X85ZR
435287.49822064058,4102374.4052863438,BYOY1A
492700.6868327402,4179250.2918502204,FMCOTL
490600.9359430605,4129759.3777533039,OUXF6W
491440.83629893238,4116771.7621145374,1RX2Y6
456794.94661921705,4138127.8414096916,KL7BDM
462914.2206405694,4153664.9889867841,N6O4WL
495790.32028469752,4110862.8469162998,L0UYEA
478512.37010676158,4138367.7973568281,AWHJEF
398181.90035587188,4183989.4218061673,AYTRTD
474972.79003558715,4105043.9151982381,23M3ZO
537575.36298932391,4198956.6740088109,Q3CUOS
436727.32740213524,4164972.9129955946,H6DHMJ
407870.75088967971,4200906.3160792952,UAWFQI
502059.57651245553,4116201.866740088,KMMQNN
438017.17437722418,4170281.9383259914,ZLXOL4
455205.13523131673,4139597.5715859029,L5E9GS
401811.46975088969,4176580.7819383261,6183I5
514328.12099644128,4117761.5803964757,PVCIMY
404691.12811387901,4123520.5231277533,H177WF
489251.09608540928,4190468.2323788544,S1Q64H
502539.51957295375,4181439.8898678413,VEHXNU
524916.86476868321,4181799.823788546,URF5NY
473982.90747330961,4144516.6685022027,GEH85D
490210.98220640572,4113352.3898678413,3I4PVL
491440.83629893238,4143106.9273127755,YAOBTP
487481.30604982207,4116681.7786343615,AQ6D7T
527196.59430604987,4162063.4471365637,4PK5ZI
495940.30249110318,4135008.4140969161,8LG2ZB
444466.40925266902,4163953.1002202644,J5NHKP
410810.4021352313,4205555.4625550658,UTTRXS
523297.05693950178,4107623.441629956,2LRNV2
475182.76512455515,4105613.8105726871,H1NSSP
503589.39501779363,4184229.3777533039,Y9BQ49
502029.58007117437,4138217.824889868,D3Y421
533075.89679715305,4104384.0363436122,IHVCM1
486821.38434163702,4131379.0803964757,RVOQAB
433367.72597864771,4125740.1156387664,ISEC1I
435677.45195729536,4168002.3568281936,DTAV22
530136.2455516014,4175650.9526431719,317033
533705.82206405699,4147066.2004405288,NOFFAW
482021.95373665483,4183089.5870044054,9I0JH0
513968.16370106762,4110472.9185022027,9COP5P
469753.40925266902,4112272.588105727,U2PUL7
474852.8042704626,4105433.8436123347,RSIZRH
510938.52313167258,4141637.1971365637,ASDFJE
444136.44839857653,4198086.8337004408,Z1SWNY
488771.15302491107,4133388.7114537447,DRBNGE
430698.04270462634,4126789.9229074889,3YHKTK
498849.95729537366,4130389.2621145374,37H98E
462074.32028469752,4152165.2643171805,5RHVLO
483671.75800711743,4115032.0814977973,0FVCCN
527316.58007117431,4166532.6266519823,HJYM50
535085.65836298931,4200216.4427312771,CZZ0RC
494590.46263345197,4107203.5187224671,X0330Z
447945.99644128117,4115691.9603524231,8KUAS8
488531.1814946619,4190048.3094713655,ZDPZ8Z
477672.46975088969,4149105.8259911896,ADYWMG
516097.9110320285,4107083.5407488989,5JDKUY
517897.69750889682,4109513.0947136562,H1Q52J
515048.03558718861,4154294.8733480177,PSTTIS
482981.83985765127,4160623.7114537447,4T91NB
491830.79003558715,4143736.8116740086,FDIYL8
497770.08540925267,4107923.3865638766,MEIE25
459134.66903914593,4193497.676211454,X7PKMJ
494380.48754448397,4180480.0660792952,7DCSW5
479682.23131672596,4166652.6046255506,ZJY2I3
482021.95373665483,4122320.7433920703,XBB67B
484811.6227758007,4185369.1685022027,GCXQ8P
512138.38078291819,4164223.0506607927,446A04
435977.41637010674,4161643.5242290748,2WDXYT
457784.82918149466,4142956.954845815,2TXVGZ
402321.40925266902,4172441.5418502204,JKVKDH
493270.61921708187,4129819.366740088,WP0XHT
518407.63701067615,4109873.0286343615,1IDPZC
493480.59430604981,4126789.9229074889,AHSZWB
453915.28825622774,4164163.0616740086,R4WWSK
487181.34163701069,4165422.8303964757,AVR2EA
523717.00711743772,4103814.1409691628,4PXIZ1
492070.76156583626,4127179.8513215859,NG9GTC
490660.92882562277,4188158.6563876653,6QIPVK
450075.74377224199,4162393.3865638766,PRYYNG
504429.29537366552,4187738.7334801764,X9CTRA
524496.91459074733,4103184.2566079297,WA04TV
526866.63345195726,4159753.8711453746,8LILF0
507818.89323843416,4163743.1387665197,RUZJLL
534995.66903914593,4153784.9669603524,DRO22K
471913.15302491107,4185129.2125550662,9BTR76
415999.78647686832,4163713.1442731279,B2XZ35
503229.43772241991,4187258.8215859029,TNHWIK
517087.79359430604,4115272.0374449338,UJGOUZ
461924.3380782918,4201026.2940528635,3EE31E
482831.85765124555,4182009.7852422907,4CUQHJ
526326.69750889682,4107233.513215859,Y6AVCH
470593.30960854091,4187228.8270925111,PPPP5V
487031.35943060496,4161253.5958149778,19OWRX
456345.0,4138517.7698237887,74XKRF
398481.86476868327,4129819.366740088,COGPUM
401361.52313167258,4182159.7577092513,QJD995
472333.10320284695,4104384.0363436122,CVZ48B
516307.88612099644,4107233.513215859,808100
496360.25266903912,4102134.4493392073,OIYJVL
516907.81494661921,4111942.6486784141,HHKQXY
526176.71530249109,4163563.1718061673,J50134
467353.69395017793,4178140.4955947138,PCG1A7
484841.61921708187,4132518.8711453746,VB3CUA
415489.84697508899,4126070.0550660794,7OVHWT
466663.77580071171,4180270.1046255506,G4HTK5
480852.09252669039,4119861.1949339206,U73YJH
429378.19928825623,4162693.3314977973,ZDKKCA
525936.74377224199,4155674.6200440531,2QOWQF
501939.59074733098,4177690.5781938327,C9EILO
496300.25978647685,4110742.8689427311,MGAFRW
514178.13879003562,4136598.1222466961,FL7MJV
432227.86120996438,4126819.9174008812,M8ACX8
501249.67259786476,4175081.0572687224,97CFNT
533075.89679715305,4144186.7290748898,5QFPAB
378804.19928825623,4174331.1949339206,T6K49T
503469.40925266908,4161523.5462555066,UPZXUK
502449.53024911031,4181499.8788546254,SDC75C
426618.52669039147,4140647.3788546254,7XWPN4
427938.37010676158,4165182.8744493392,Q20OWC
409760.52669039147,4172891.4592511011,RLN2PM
458894.69750889682,4139327.6211453746,LP7LSW
427308.44483985764,4169562.0704845814,P1VZJR
507098.97864768683,4131619.0363436122,D1XDRY
537815.33451957302,4195957.2246696036,BG2TAX
513968.16370106762,4108433.292951542,MHDIE4
529536.31672597863,4110562.9019823787,8KR6GR
461054.4412811388,4191937.9625550662,YFD4ZT
522577.14234875445,4132878.8050660794,Z9UTDG
496390.24911032029,4166952.5495594712,1T02NA
438527.11387900356,4164912.9240088104,5H2OH3
531126.12811387901,4175381.0022026431,OXB3Y8
488831.14590747328,4199826.514317181,XJ7T24
462134.3131672598,4146466.3105726871,TLLREE
505689.14590747328,4117671.5969162998,J1VI82
450615.67971530248,4163533.1773127755,Y1EZHV
528216.47330960853,4108043.3645374449,LWKRAX
502869.48042704625,4182459.7026431719,2KEBT3
482831.85765124555,4129459.4328193832,N4UDX2
398901.81494661921,4178110.5011013215,R2TSQ9
512798.30249110318,4115002.0870044054,DN4MEF
526626.66192170815,4178710.3909691628,7TWLWH
399951.69039145909,4184229.3777533039,5MZ10P
495430.36298932385,4171781.6629955946,PW25ED
520537.38434163702,4107353.4911894272,DBAQZ5
502989.4661921708,4138787.720264317,L1F9ZW
518017.68327402137,4181529.8733480177,2Z70XC
436157.39501779358,4171271.7566079297,YZ0T48
451575.56583629892,4191428.0561674009,CNAZC5
410150.48042704625,4171421.7290748898,O5WNGQ
532206.0,4164552.9900881057,DLZKYE
487511.30249110318,4132308.9096916299,3MELXX
507188.96797153028,4143676.8226872245,PJZK18
514568.09252669039,4107533.4581497796,CGVA41
523567.02491103206,4149165.8149779737,NEGSI5
514838.06049822061,4102374.4052863438,O2PFWC
513668.19928825623,4113982.2742290748,Z61R33
526656.65836298931,4104713.9757709252,E2FKAD
523237.0640569395,4105493.8325991188,98L798
485531.53736654803,4160593.7169603524,ZS207S
487301.32740213524,4145566.4757709252,BSN94Z
512678.31672597863,4113142.4284140971,34V4K8
530826.16370106768,4178800.3744493392,82AYNA
481032.07117437723,4164882.9295154186,MVPO7V
478512.37010676158,4106693.6123348018,XZEHT0
491530.82562277582,4115631.9713656385,LYXBUR
516127.90747330961,4108553.2709251102,UABRAZ
514538.09608540928,4145776.4372246694,LSNTWM
490031.00355871883,4161733.5077092513,C81X43
487301.32740213524,4120551.0682819383,WZMXHJ
534575.71886120993,4118481.4482378853,KU8TJ9
508448.81850533804,4184799.2731277533,D0SJDG
510278.60142348753,4164702.9625550662,SZZI61
498729.97153024911,4140377.4284140971,GIJ5J2
480282.16014234873,4108313.3149779737,ONOBKV
499149.92170818505,4104803.9592511011,3PN1Q3
473232.99644128117,4169622.0594713655,B3GAVD
462584.25978647685,4154324.8678414095,I4I6GP
505809.13167259784,4113832.3017621147,1UZD52
493030.64768683276,4155824.5925110132,CPK8FR
522667.13167259784,4129729.383259912,30V24I
431777.91459074733,4130509.2400881057,OE82SE
494320.49466192169,4138307.808370044,HNKMO4
496180.27402135229,4138817.7147577093,836XIU
513518.21708185051,4153365.0440528635,HDL5DR
530676.18149466196,4149645.7268722467,VMTNBT
482621.88256227761,4186149.0253303964,5JW5V1
450495.69395017793,4107473.4691629955,UEM6BZ
490120.99288256228,4137108.0286343615,RFWF81
486701.39857651247,4131559.0473568281,RP8U5P
482081.94661921705,4128409.6255506608,MNTOKO
496360.25266903912,4140107.4779735683,CLIHOG
526446.68327402137,4110412.9295154186,51KG9D
506499.04982206406,4190588.2103524227,XR5CG0
503199.4412811388,4120431.0903083701,OOS6HS
495250.38434163702,4122380.7323788544,6AGQQJ
435437.48042704625,4103124.2676211456,UH9J7O
400701.60142348753,4179550.236784141,306TFP
467923.62633451959,4160053.8160792952,QJPLV3
482321.91814946616,4184829.2676211456,JMZK3R
504189.32384341641,4137767.9074889868,30MIFI
483611.76512455515,4180929.9834801764,GRLGNJ
495160.39501779358,4139057.6707048458,ESNOWA
506739.02135231317,4118691.4096916299,TVD5MJ
528186.47686832736,4153515.0165198236,5AJ6FE
511898.40925266908,4163473.1883259914,O67R6S
487361.32028469752,4159813.8601321587,4DLGID
510548.56939501781,4112332.5770925111,LCVWT3
516127.90747330961,4114822.1200440531,GKUKIK
501099.69039145904,4175650.9526431719,SJSCH4
513488.2206405694,4153245.0660792952,S0HI11
503559.39857651247,4117551.6189427311,ZQ5EWE
532835.92526690394,4149435.765418502,AWUPG8
423678.87544483982,4166052.7147577093,S440M7
425118.70462633454,4183599.4933920703,AU4B9H
456404.99288256228,4203095.9140969161,ZE6GZR
479112.29893238435,4122890.6387665197,USVA7F
432587.8185053381,4129099.4988986785,COOLXD
488591.17437722418,4120521.073788546,S0BG3H
496150.27758007118,4142806.9823788544,5KXAFG
525276.82206405699,4102434.3942731279,1JG1LP
535715.58362989326,4171901.6409691628,GHVVW3
510128.61921708181,4153694.9834801764,W1FV5O
401241.53736654803,4179010.3359030839,VBZ6VZ
495820.31672597863,4109513.0947136562,6OYU7B
525276.82206405699,4152855.1376651982,11JOIP
457064.91459074733,4177090.6883259914,6YC5JM
455055.15302491107,4138967.6872246694,2GD9XC
518197.66192170815,4183149.5759911896,8QTLT8
518587.61565836298,4111072.808370044,4FM6Q1
475392.74021352315,4110742.8689427311,WOON89
466423.8042704626,4185879.074889868,TU8PL3
530646.18505338079,4178890.3579295157,JLDZKS
528426.44839857647,4143016.9438325991,2MIWI6
493870.54804270464,4163953.1002202644,ITMUE2
488021.24199288257,4201926.1288546259,ARI77G
516757.83274021349,4187258.8215859029,756UG9
496180.27402135229,4102134.4493392073,7W2CIU
495340.37366548041,4126160.0385462553,VOOQ1Y
526416.6868327402,4166472.6376651982,4ZRE20
494770.4412811388,4132188.9317180617,D0AS4Y
497110.16370106762,4186269.0033039646,17K75D
497470.12099644128,4186568.9482378853,BBEPZO
401811.46975088969,4184979.2400881057,XUNQPM
389452.9359430605,4193377.6982378853,G1KM9N
475332.74733096082,4104773.9647577093,XMIYI3
511208.4911032028,4138667.7422907487,CHDBW2
504879.24199288257,4188818.5352422907,K9M9CV
510668.55516014236,4137767.9074889868,6C5OI4
513278.2455516014,4108583.265418502,SRVYCV
516397.87544483982,4114672.1475770925,NOZ4LW
482261.92526690394,4123970.4405286345,642GJQ
480612.12099644128,4141877.1530837002,OJLYQK
486371.43772241991,4163473.1883259914,CB33OF
535595.5978647687,4134018.5958149778,19995L
400761.59430604981,4189868.3425110132,93K4CS
392452.58007117437,4135458.3314977973,V6DDJ7
509048.74733096082,4194637.4669603528,RVE70H
481781.98220640572,4152765.1541850222,DG71VX
518467.62989323842,4182009.7852422907,RYWJGC
483611.76512455515,4161013.6398678413,K5A81Z
504069.33807829185,4138367.7973568281,1XOTCT
492400.72241992882,4179640.220264317,F6K9O3
402291.41281138791,4175500.9801762113,RCS414
488921.13523131673,4160233.7830396476,USSNNB
475452.73309608537,4111192.7863436122,Q6M0SA
522217.18505338079,4181829.8182819383,79E0F1
412610.18861209962,4165662.7863436122,VKPKEF
495460.35943060496,4106213.7004405288,C4OP0G
494440.48042704625,4164852.9350220263,67LT0S
490690.92526690394,4131888.986784141,2M8VTJ
402411.39857651247,4178620.4074889868,7F1FLN
468943.50533807831,4182339.7246696036,SC44QG
415399.85765124555,4162273.4085903084,D87111
524106.9608540925,4185279.1850220263,C4F35N
492730.68327402137,4126250.0220264317,8N14AJ
527556.55160142342,4109843.0341409692,QNKRXN
513578.20996441285,4115601.9768722467,F345L5
393652.43772241991,4186269.0033039646,S8RQ0U
523237.0640569395,4184799.2731277533,R5LK9N
529236.3523131673,4118091.5198237887,7HFUWF
477882.44483985764,4104444.0253303964,5PZZR8
483011.83629893238,4113142.4284140971,SYM6J2
482681.87544483982,4105313.8656387664,8ISPTV
490001.00711743772,4122650.6828193832,51G3SM
502209.5587188612,4124630.3193832599,ZIC92A
509888.6476868327,4188368.6178414095,OKMFLA
416599.71530249109,4163803.1277533039,EDECS5
520807.3523131673,4148925.8590308372,Z97E48
511298.48042704625,4139087.6651982381,TG8II6
489671.04626334517,4134078.5848017619,CN68GS
410690.41637010674,4191038.1277533039,03OTC6
525576.78647686832,4102494.383259912,2BMZ0E
491560.82206405693,4129519.4218061673,1VWV8E
460694.48398576514,4196467.1310572689,E4EP0R
492340.72953736654,4110442.9240088104,CAX1QA
492790.67615658359,4133178.75,I38WL8
385673.38434163702,4207625.0825991193,GKDD1B
458444.75088967971,4176520.792951542,PURFZW
517237.77580071171,4145986.3986784141,BG8LEP
478062.42348754447,4102254.4273127755,SD4FNE
492100.75800711743,4143706.8171806168,J5CW1S
530316.22419928829,4110502.9129955946,Y3TXXZ
409850.51601423486,4171781.6629955946,DABXMQ
514448.10676156584,4116831.7511013215,1MBCEG
500439.76868327404,4175650.9526431719,APK2G2
508988.7544483986,4099914.8568281936,P2429X
487151.34519572952,4151475.3909691628,WZ92FD
518257.65480427048,4185429.1574889868,K4YJ2H
427098.46975088969,4137078.0341409692,FO171B
428628.28825622774,4111792.676211454,DJX425
526446.68327402137,4169442.0925110132,HBHPI1
494830.43416370108,4156784.4162995596,SJL5FJ
470923.27046263346,4189928.3314977973,L8VZMH
474402.85765124555,4103064.2786343615,91G9LL
469393.45195729536,4187618.7555066077,4RXT6D
458834.70462633448,4178590.4129955946,VTWZ9S
516907.81494661921,4103124.2676211456,PR1QOR
464624.01779359428,4183509.5099118943,BZ4R65
426318.56227758009,4178350.457048458,7OD75J
511538.45195729536,4170011.9878854626,H4K8I9
473862.92170818505,4149405.7709251102,NGYNLJ
481062.06761565839,4114222.2301762113,VNMGG5
511988.39857651247,4170071.9768722467,TN2I5I
496870.19217081851,4099584.9174008812,INNDZW
492340.72953736654,4164702.9625550662,YDUNQC
520867.34519572952,4178290.4680616739,6O0TXA
496360.25266903912,4107743.4196035243,DNW3LH
465073.96441281139,4144756.6244493392,B8FE33
479292.27758007118,4116531.8061674009,J8OPML
399591.73309608543,4176760.7488986785,MEMS7P
481452.02135231317,4100904.675110132,MEPYW6
517417.7544483986,4116351.8392070485,BV6561
490120.99288256228,4143946.7731277533,LHBHYI
399411.7544483986,4189898.3370044054,BC3IWX
490090.99644128117,4154804.779735683,SS8T4I
493750.56227758009,4134438.5187224671,0580XW
418159.53024911031,4159543.9096916299,RL3RS2
473113.01067615661,4183359.5374449338,CI0KO8
470233.35231316724,4103094.2731277533,KXH2K6
398451.86832740216,4177120.6828193832,OFI1W0
495790.32028469752,4142716.9988986785,UJA9YO
474312.86832740216,4104564.0033039646,AVOAUA
440386.89323843416,4141487.2246696036,IUAXW5
379014.17437722418,4207115.176211454,FU2MCR
479112.29893238435,4108463.2874449338,MFZA88
487001.36298932385,4158014.1905286345,VRGUMH
491710.8042704626,4113802.3072687224,MFKY60
501609.62989323842,4124270.3854625551,76HKCZ
499719.85409252672,4148116.0077092513,JRTA6T
538415.26334519568,4200246.4372246694,6MNGHT
478182.40925266902,4113772.3127753306,3AEPP1
487721.27758007118,4132038.9592511011,FN69Z5
419059.42348754447,4159693.8821585905,ZEU5MJ
469093.48754448397,4184889.2566079297,NF7XWK
480462.13879003562,4114702.1420704848,ZT8BPU
482651.87900355872,4114252.2246696036,JRZEJZ
487751.27402135229,4116051.8942731279,A46E51
488711.16014234873,4154744.7907488989,2AENLN
415639.82918149466,4124660.3138766522,XQWWDN
483521.77580071171,4130659.2125550662,Y3MG7E
512768.30604982207,4111552.720264317,MS5EMK
441496.76156583626,4161643.5242290748,VJCPNZ
518827.58718861209,4117311.6629955946,KK23V7
375474.59430604981,4180330.0936123347,5IZOC7
510248.60498220637,4100394.7687224671,AOC4FA
529536.31672597863,4178470.4350220263,ZK6HQY
402111.43416370108,4184109.3997797356,EEN53N
528786.40569395013,4177900.5396475773,P0V5T1
534455.73309608537,4197037.0264317179,D43118
503019.46263345197,4188428.6068281936,RZOL03
486251.45195729536,4158464.1079295157,WVRPPL
512678.31672597863,4113052.4449339206,1XRFVK
498879.95373665483,4130779.1905286345,0BRHI6
497020.17437722418,4132968.7885462553,KGEV09
451425.58362989326,4167042.5330396476,UZN6DV
510368.59074733092,4112182.6046255506,D2CUNN
486281.44839857653,4112692.5110132159,IJGNBB
498310.02135231317,4169682.0484581497,LWEVSN
483281.8042704626,4120521.073788546,IUU75R
480642.11743772239,4114642.1530837002,B119YA
429708.16014234873,4142567.0264317179,AUH2DW
489581.05693950178,4112992.4559471365,6DRA7G
492550.70462633448,4133508.6894273129,K36QEQ
478302.39501779358,4102884.3116740086,96RSMO
519637.4911032028,4186658.9317180617,FPWBHV
511778.42348754447,4165092.8909691628,PIHBY9
466543.79003558715,4177180.6718061673,LZAH4R
488651.16725978651,4141517.2191629955,K2RPGS
486791.38790035585,4131589.0418502204,Q89CR6
493330.61209964415,4129969.3392070485,RW6KUE
504519.28469750891,4170251.9438325991,GH9SJ3
510998.51601423486,4135248.3700440531,5QEB7H
484691.63701067615,4146706.2665198236,HPOU0X
496270.26334519574,4131769.0088105728,VU0RU7
399201.7793594306,4177540.6057268721,7CZ3M5
374244.74021352315,4184259.3722466961,8X7BIS
523297.05693950178,4112392.5660792952,CM9YU6
517957.69039145904,4111732.6872246694,6WC4RO
494530.46975088969,4168062.3458149778,F8XXJE
494290.49822064058,4164702.9625550662,Q6DESV
493870.54804270464,4133478.6949339206,9NKBGK
450345.71174377226,4162933.2874449338,WBSF1H
473532.9608540925,4105943.75,ZAKTST
515737.95373665483,4117071.707048458,8INPD4
504039.34163701069,4117011.7180616739,JAEUOP
506079.09964412812,4169532.0759911896,GRTZAL
486761.39145907474,4120011.1674008812,OV4J8V
470623.30604982207,4167942.3678414095,Q69KQW
492490.71174377226,4180720.0220264317,A3ES3M
512858.29537366552,4159423.9317180617,152JHH
529926.27046263346,4109933.0176211456,W0DHVG
498789.96441281139,4127389.8127753306,MD8YOP
497770.08540925267,4174751.1178414095,6DYUAF
487991.2455516014,4131349.0859030839,G529P8
532325.98576512455,4178170.4900881057,JAF0S7
488201.2206405694,4185069.2235682821,GAHRZK
503829.36654804274,4146646.2775330395,2UFZ2I
527826.51957295369,4165422.8303964757,6WXFOC
510578.56583629892,4112242.5936123347,U3ZTYF
487331.32384341635,4165152.8799559469,A5Y1II
492310.73309608537,4133058.7720264317,HN6DMV
495430.36298932385,4175291.0187224671,5QT408
532985.90747330966,4172021.6189427311,ASJT4H
489101.11387900356,4132188.9317180617,LNZ0SK
463484.15302491107,4178920.3524229075,SOVJX0
481871.97153024911,4108163.3425110132,G0UJ6Y
528846.39857651247,4176910.7213656385,WH5A1B
475782.69395017793,4118061.5253303964,AB9KG7
489971.01067615661,4143796.8006607927,297UYW
518917.57651245547,4179490.2477973569,O7V3NU
493120.63701067615,4114432.191629956,9XA061
496030.29181494663,4131948.9757709252,NF6KJE
484271.6868327402,4109513.0947136562,PTOT9Q
514298.12455516018,4159513.9151982381,7JE57T
496270.26334519574,4132878.8050660794,H5TEND
493330.61209964415,4122680.6773127755,5L6VL8
485351.5587188612,4162903.292951542,AXJSE5
489521.0640569395,4194487.4944933923,00SCL3
509588.68327402137,4102944.3006607927,N3INSK
485621.52669039147,4139237.6376651982,D0688L
517567.73665480426,4118301.4812775329,O7M9PI
488771.15302491107,4133478.6949339206,KD7W7R
520237.41992882558,4108223.3314977973,R0056T
511328.47686832736,4168782.2136563878,ZI1L0O
502659.50533807831,4187288.8160792952,9HKEF9
531636.06761565839,4109693.0616740086,4G0P3G
521437.27758007118,4100934.6696035243,A8MN93
498879.95373665483,4169232.1310572689,4LEMGH
472543.07829181495,4106093.7224669605,1LL9PJ
490780.91459074733,4144486.6740088104,MJJ5EF
535895.56227758003,4196677.0925110132,BG2708
421429.14234875445,4143376.8777533039,AKPZQM
